{
  "left_base_T_right_base": [
    [
      0.06689879950759492,
      -0.017663021084011042,
      0.997603412339106,
      0.3046374216425456
    ],
    [
      0.019367850476280854,
      0.9996778956931109,
      0.01640095212242494,
      0.007093492607749931
    ],
    [
      -0.9975717703465605,
      0.018224229717039596,
      0.06721934586746237,
      -0.28501724195547373
    ],
    [
      0.0,
      0.0,
      0.0,
      1.0
    ]
  ],
  "num_samples": 36000,
  "median_eef_dt_left": 0.01999974250793457
}