{
  "left_base_T_right_base": [
    [
      0.06816649006219166,
      -0.020216997226873368,
      0.9974690985969089,
      0.30399163517483224
    ],
    [
      0.020770164855749056,
      0.9996067330065704,
      0.0188409017776729,
      0.008666834737783251
    ],
    [
      -0.9974577333824558,
      0.019433279472582735,
      0.06855959279688262,
      -0.28465041726264284
    ],
    [
      0.0,
      0.0,
      0.0,
      1.0
    ]
  ],
  "num_samples": 36000,
  "median_eef_dt_left": 0.019999980926513672
}